

CREATE TABLE PATOLOGIA (
    CODpatologia VARCHAR(10) PRIMARY KEY,
    NOMEpatologia VARCHAR(50),
    CRITICITApatologia INT
);

INSERT INTO PATOLOGIA (CODpatologia, NOMEpatologia, CRITICITApatologia) VALUES
('H12-S369', 'mal di testa', 2),
('D55-U115', 'influenza', 6),
('A49-V133', 'rinite', 9),
('O41-K984', 'asma', 1),
('K35-Y480', 'artrite', 3),
('N74-Q125', 'eczema', 10),
('C27-Y260', 'ulcera', 8),
('J05-I713', 'gastrite', 5),
('Y79-O845', 'ipertensione', 8),
('Q65-P516', 'diabete', 2),
('V01-K529', 'colesterolo alto', 5),
('Y59-O325', 'aritmia', 2),
('U42-Q946', 'fibromialgia', 5),
('Y76-N424', 'scoliosi', 9),
('F99-Q972', 'tendinite', 3),
('G24-Y721', 'bronchite', 3),
('G46-Q782', 'psoriasi', 5),
('D92-D494', 'cistite', 3),
('O89-Q126', 'epatite', 5),
('K78-H995', 'artrite reumatoide', 7),
('C23-U939', 'morbo di Crohn', 7),
('X70-H013', 'fibrosi polmonare', 10),
('W21-L879', 'sindrome del tunnel carpale', 10),
('G18-D084', 'disturbo bipolare', 10),
('Y99-P305', 'sindrome da fatica cronica', 9),
('G24-K832', 'sindrome dell''intestino irritabile', 9),
('S14-B672', 'malattia di Lyme', 7),
('W04-B724', 'sindrome di Tourette', 5),
('S96-V848', 'disturbo ossessivo compulsivo', 7),
('I91-W703', 'sindrome di Asperger', 9),
('N14-J971', 'disturbo da deficit di attenzione e iperattività', 4),
('O01-V351', 'sindrome di Down', 1),
('H39-G699', 'disturbo del sonno', 2),
('T66-Y602', 'disturbo alimentare', 5),
('L90-Q508', 'disturbo della personalità borderline', 5),
('G74-M767', 'disturbo della personalità narcisistica', 9),
('X81-G383', 'disturbo della personalità antisociale', 3),
('J26-P052', 'disturbo della personalità ossessivo-compulsivo', 9),
('N54-E431', 'disturbo della personalità istrionica', 3),
('E20-J094', 'disturbo della personalità evitante', 1),
('N88-G457', 'disturbo della personalità dipendente', 3),
('I65-A855', 'disturbo della personalità schizoide', 3),
('S42-W641', 'disturbo della personalità schizotipico', 3),
('P27-A933', 'disturbo della personalità paranoide', 1),
('N74-P375', 'disturbo della personalità borderline', 1),
('C24-D924', 'disturbo della personalità narcisistica', 10),
('P37-A848', 'disturbo della personalità antisociale', 6),
('E28-N652', 'disturbo della personalità ossessivo-compulsivo', 1),
('I55-N975', 'disturbo della personalità istrionica', 7),
('K49-P262', 'disturbo della personalità evitante', 7);



CREATE TABLE PATOLOGIACRONICA (
    CODpatologia VARCHAR(10) PRIMARY KEY,
    CRONICA BOOLEAN
);

INSERT INTO PATOLOGIACRONICA (CODpatologia, CRONICA) VALUES
('H12-S369', true),
('D55-U115', true),
('A49-V133', false),
('O41-K984', true),
('K35-Y480', true),
('N74-Q125', true),
('C27-Y260', false),
('J05-I713', true),
('Y79-O845', false),
('Q65-P516', true),
('V01-K529', true),
('Y59-O325', false),
('U42-Q946', true),
('Y76-N424', false),
('F99-Q972', true),
('G24-Y721', true),
('G46-Q782', true),
('D92-D494', false),
('O89-Q126', false),
('K78-H995', true),
('C23-U939', true),
('X70-H013', false),
('W21-L879', true),
('G18-D084', true),
('Y99-P305', false),
('G24-K832', false),
('S14-B672', false),
('W04-B724', true),
('S96-V848', true),
('I91-W703', true),
('N14-J971', true),
('O01-V351', false),
('H39-G699', false),
('T66-Y602', true),
('L90-Q508', false),
('G74-M767', false),
('X81-G383', false),
('J26-P052', true),
('N54-E431', false),
('E20-J094', false),
('N88-G457', false),
('I65-A855', true),
('S42-W641', false),
('P27-A933', true),
('N74-P375', true),
('C24-D924', false),
('P37-A848', false),
('E28-N652', true),
('I55-N975', true),
('K49-P262', false);




CREATE TABLE PATOLOGIAMORTALE (
    CODpatologia VARCHAR(10) PRIMARY KEY,
    MORTALE BOOLEAN
);

INSERT INTO PATOLOGIAMORTALE (CODpatologia, MORTALE) VALUES
('H12-S369', true),
('D55-U115', false),
('A49-V133', false),
('O41-K984', false),
('K35-Y480', true),
('N74-Q125', false),
('C27-Y260', false),
('J05-I713', true),
('Y79-O845', true),
('Q65-P516', false),
('V01-K529', false),
('Y59-O325', false),
('U42-Q946', true),
('Y76-N424', false),
('F99-Q972', true),
('G24-Y721', false),
('G46-Q782', false),
('D92-D494', true),
('O89-Q126', false),
('K78-H995', false),
('C23-U939', true),
('X70-H013', false),
('W21-L879', false),
('G18-D084', false),
('Y99-P305', true),
('G24-K832', true),
('S14-B672', false),
('W04-B724', true),
('S96-V848', true),
('I91-W703', true),
('N14-J971', true),
('O01-V351', true),
('H39-G699', false),
('T66-Y602', false),
('L90-Q508', false),
('G74-M767', true),
('X81-G383', false),
('J26-P052', false),
('N54-E431', true),
('E20-J094', true),
('N88-G457', false),
('I65-A855', false),
('S42-W641', false),
('P27-A933', false),
('N74-P375', false),
('C24-D924', false),
('P37-A848', true),
('E28-N652', false),
('I55-N975', false),
('K49-P262', false);
